TPS_ID,YesNo_3,YesNo_4,Avg_4,Avg_5,Avg_6,Avg_7,ConnFri_2,ConnFam_2,HabF_1,HabF_2,HabF_3,HabF_4,HabF_5,HabF_6,HabF_7,HabF_8,HabF_9,HabF_10,Femo_1,Femo_2,Femo_3,Femo_4,Femo_5,Femo_6,Femo_7,Femo_8,Femo_19,Femo_20,Femo_9,Femo_10,Femo_11,Femo_12,Femo_13,Femo_14,Femo_15,Femo_16,Femo_17,Femo_18,OpenF
SubjID,Do you use the following things?-Facebook on your computer,Do you use the following things?-Facebook on your phone,"In this section, indicate how often you perform each behavior on average. Please answer according to...-I post on Facebook from my computer","In this section, indicate how often you perform each behavior on average. Please answer according to...-I check Facebook on my computer","In this section, indicate how often you perform each behavior on average. Please answer according to...-I post on Facebook from my phone","In this section, indicate how often you perform each behavior on average. Please answer according to...-I check Facebook on my phone",Please answer how often you feel connected to your friends when using different types of media.-I feel connected to my friends when I use Facebook.,Please answer how often you feel connected to your family when using different types of media.-I feel connected to my family members when I use Facebook.,Please answer how much you agree or disagree with the following statements concerning your Facebook...-Using Facebook is something I do automatically.,Please answer how much you agree or disagree with the following statements concerning your Facebook...-Using Facebook is something I do without meaning to do it.,Please answer how much you agree or disagree with the following statements concerning your Facebook...-Using Facebook is something I do without thinking.,Please answer how much you agree or disagree with the following statements concerning your Facebook...-Using Facebook is something I start doing before I realize I'm doing it.,Please answer how much you agree or disagree with the following statements concerning your Facebook...-Using Facebook is something that would require effort not to do it.,Please answer how much you agree or disagree with the following statements concerning your Facebook...-Using Facebook is something I do without having to consciously remember.,Please answer how much you agree or disagree with the following statements concerning your Facebook...-Using Facebook is something that belongs to my daily routine.,Please answer how much you agree or disagree with the following statements concerning your Facebook...-Using Facebook is something I would find hard not to do.,Please answer how much you agree or disagree with the following statements concerning your Facebook...-Using Facebook is something I have no need to think about doing.,"Please answer how much you agree or disagree with the following statements concerning your Facebook...-Using Facebook is something that's typically ""me"".",I get an urge to post on Facebook from my computer or phone the moment when...-something makes me feel amused,I get an urge to post on Facebook from my computer or phone the moment when...-something makes me feel surprised,I get an urge to post on Facebook from my computer or phone the moment when...-something makes me feel awed,I get an urge to post on Facebook from my computer or phone the moment when...-something makes me feel loved,I get an urge to post on Facebook from my computer or phone the moment when...-something makes me feel proud,I get an urge to post on Facebook from my computer or phone the moment when...-something makes me feel excited,I get an urge to post on Facebook from my computer or phone the moment when...-something makes me feel grateful,I get an urge to post on Facebook from my computer or phone the moment when...-something makes me feel happy,I get an urge to post on Facebook from my computer or phone the moment when...-something makes me feel inspired,I get an urge to post on Facebook from my computer or phone the moment when...-something makes me feel confident,I get an urge to post on Facebook from my computer or phone the moment when...-something makes me feel angry,I get an urge to post on Facebook from my computer or phone the moment when...-something makes me feel nervous,I get an urge to post on Facebook from my computer or phone the moment when...-something makes me feel awkward,I get an urge to post on Facebook from my computer or phone the moment when...-something makes me feel stressed,I get an urge to post on Facebook from my computer or phone the moment when...-something makes me feel jealous,I get an urge to post on Facebook from my computer or phone the moment when...-something makes me feel lonely,I get an urge to post on Facebook from my computer or phone the moment when...-something makes me feel scared,I get an urge to post on Facebook from my computer or phone the moment when...-something makes me feel upset,I get an urge to post on Facebook from my computer or phone the moment when...-something makes me feel ashamed,I get an urge to post on Facebook from my computer or phone the moment when...-something makes me feel guilty,In two or three sentences please describe how you use Facebook. You could think about the following:...
TPS1F0015,1,1,4,5,4,5,4,1,6,2,6,3,3,2,5,5,5,4,2,2,2,2,2,2,2,2,2,2,2,2,2,2,2,2,2,2,2,2,"I use Facebook and then it's possible to see what's going on with everyone. However, Twitter is a much better social network..."
TPS1F0023,1,1,4,3,5,5,4,3,4,4,5,4,2,6,7,4,5,4,3,2,3,4,3,3,3,4,3,2,3,2,2,4,2,2,2,4,2,1,I use facebook as mainly a way to get stuff off my mind. I also like to see what my friends are up to
TPS1F0027,1,2,1,6,,,3,3,3,2,4,4,6,4,6,6,1,4,1,1,1,1,1,2,1,2,1,1,1,1,1,1,1,1,1,1,1,1,I use Facebook to chat my friends.  I never really post anything  but I view things that others post.  I use it too much
TPS1F0020,1,1,2,5,2,4,5,4,7,5,5,3,4,5,6,4,5,4,4,3,2,4,4,4,3,3,3,3,1,2,3,1,2,2,2,1,2,2,I communicate with friends and family most on Facebook. I use Facebook mostly in the morning and in the evening when I have some extra free time. I like Facebook to share media with friends and family.
TPS1F0030,1,2,5,6,,,3,1,7,6,7,7,7,7,7,4,5,6,4,1,3,1,2,3,1,2,3,1,1,1,1,2,1,1,1,2,1,1,"I mainly talk to a few (see: less than 5) of my friends and to comment on posts from less closer friends. I only use facebook at home. It's pretty entertaining, and an interesting look at other people. I do enjoy it although I do use it a bit too much, using it well past the point of boredom."
TPS1F0021,1,2,5,6,,,4,2,1,3,3,3,5,3,4,1,5,1,3,3,3,3,3,4,2,3,3,3,1,1,4,3,2,1,1,1,1,1,"I communicate with everybody on Facebook, not to chat but mostly to show them things, like videos that I couldn't do otherwise, like if they live somewhere else. I use Facebook through out the day and at home. I enjoy using Facebook and no, I don't feel I use it too much"
TPS1F0022,1,1,2,4,2,2,4,2,5,1,5,1,2,2,5,5,5,6,3,3,3,2,2,4,3,3,3,2,3,1,1,1,1,1,1,2,1,1,I enjoy using Facebook because everything happening with your friends is right there.  I do go on it for just a couple minutes at a time many times a day just because it has become part of what I do when I get on internet.  Since Twitter has picked up I use that more than Facebook though.
TPS1F0024,2,2,,,,,,,,,,,,,,,,,,,,,,,,,,,,,,,,,,,,,
TPS1P0009,1,2,2,5,,,5,4,7,7,5,5,5,5,7,5,5,4,1,1,1,1,4,1,1,3,3,1,1,1,1,1,1,1,1,1,1,1,i use it fro seeing what other friends might be doing and what they are doing with their lives. i also use it to stay in toucch withpeople who i am further away from
TPS1P0010,1,2,3,6,,,4,2,6,6,7,5,2,6,6,4,5,4,5,2,2,3,4,4,4,5,4,2,3,2,2,2,2,2,3,3,2,3,"I love passing the time chatting with people on facebook. Mainly friends, sometimes group partners for school projects. Chatting is pretty much all I do on facebook, but this I probably do too much of."
TPS1F0029,1,1,1,3,2,5,4,1,3,2,2,2,2,2,3,2,2,2,2,2,3,1,1,2,1,1,1,1,2,1,1,1,1,1,1,1,1,1,"I check it for my ""news."" I get updates on events or I read current events articles. It's also nice to use as a central location to communicate with multiple people at once."
TPS1F0014,1,1,1,4,,5,3,3,2,2,3,3,2,2,2,2,2,2,1,1,1,1,1,1,1,1,1,1,1,1,1,2,1,1,1,1,1,1,"I go on facebook to talk to friends, I just check it on my phone every once in a while. I'ts ok I really only use it because everyone has one so it is the best way to talk to people."
TPS1F0018,1,2,4,5,,,2,1,6,6,5,5,3,4,6,5,4,4,4,3,2,2,3,3,2,3,3,3,2,2,2,2,2,2,2,2,2,2,"I communicate with my friends, on my home computer. I can like and dislike using facebook. I do feel that I use Facebook too much."
TPS1F0040,1,2,2,4,,,3,3,2,1,6,2,1,4,1,1,7,6,1,1,1,1,3,1,1,3,1,1,1,1,1,1,1,1,1,1,1,1,i use facebook to post pictures of trips and stay in touch with friends that live further away
TPS1F0016,1,1,3,4,2,2,2,3,1,3,3,3,5,4,2,2,5,4,1,2,1,1,3,2,1,2,3,1,1,1,1,2,1,3,1,1,1,1,i use face book when im bored mostly with nothing to do. also to post up pictures of my friends and i.
TPS1F0028,1,2,2,4,,,3,3,5,5,4,6,4,2,2,2,4,3,4,4,4,3,3,4,2,4,1,4,1,3,4,2,1,1,1,1,1,1,"Usually, I communicate with friends on Facebook but occasionally family members. I enjoy using Facebook because I go to a lot of different camps, and it's difficult to keep in touch with people I meet at those camps unless they have a Facebook. I don't use it as much as some people my age, but I could use it less."
TPS1F0045,1,1,2,6,1,5,3,1,3,3,3,3,5,3,6,3,3,4,1,1,1,1,1,1,1,1,1,1,1,1,1,1,1,1,1,1,1,1,"I communicate with close friends. I use Facebook at home during the night, I enjoy using it. I don't feel like I use it too much. "
TPS1F0041,1,2,2,3,,,4,1,2,2,2,1,2,2,2,2,2,2,2,1,1,1,1,1,2,1,1,1,1,1,1,1,1,1,1,1,1,1,I rarely use facebook. And only to use the private messages. And sometime when there is a group event I'll use facebook for say that I comming and find out the details.
TPS1P0011,1,1,1,4,1,7,3,2,6,6,6,6,2,6,6,2,6,4,1,1,1,1,1,2,1,2,1,2,1,1,1,1,1,1,1,1,1,1,I occasionally use Facebook to talk to friends and friends only. I use Facebook on my phone mostly but sometimes on my computer. I enjoy using Facebook. I do feel like I use it too much since I have an iPhone and check it more than I used to.
TPS1P0013,1,1,1,5,1,5,3,4,4,2,3,6,2,5,4,3,4,2,1,1,1,1,1,1,1,1,1,1,1,1,1,1,1,1,1,1,1,1,"I don't like Facebook that much I find it annoying.  I only keep my account to look at pictures, check it occasionally when I'm bored, and if I ever need to Facebook chat with someone.  Twitter is my preferred social network.  "
TPS1F0031,1,2,1,5,,,2,2,2,2,2,2,2,4,2,2,5,2,1,1,1,1,1,1,1,1,1,1,1,1,1,1,1,1,1,1,1,1,I really don't use Facebook that much.  I mostly use it to look a pictures and talk to friends.
TPS1F0047,1,1,1,1,2,3,2,3,1,1,1,1,1,1,2,1,2,1,1,1,1,4,1,4,1,4,1,1,1,1,1,1,1,1,1,1,1,1,"I usually don't go on Facebook because I feel like it is really self centered towards the person using it. I use it on my phone when, but don't respond to things unless I have too. I don't enjoy Facebook and I don't think I use it too much."
TPS1F0048,1,2,2,5,,,2,3,6,2,2,2,4,2,7,2,3,2,1,2,1,1,2,2,1,2,2,1,1,1,1,1,1,1,1,1,1,1,I more use Facebook to check on friends and see pictures then I do update stuff myself. I update some pictures but most of the time I am to busy to do it. I talk to alot of people mainly friends out of the state. 
TPS1F0039,1,1,2,2,3,2,2,5,2,2,1,2,6,6,2,6,4,5,3,3,3,3,3,3,3,3,3,3,3,3,3,3,3,3,3,3,3,3,just to see what people are doing. let people know what im doin. to see pictures.
TPS1F0042,1,1,3,3,3,7,3,2,5,6,7,5,3,5,6,6,3,2,4,3,2,3,3,4,4,4,3,4,2,3,1,1,1,2,1,2,1,1,I do not communicate with a lot of people on facebook and i open facebook like i open my fridge always checking it every 5 minutes wondering if there is something new. I use it to invite people to parties. I check it often but not as often as everyone else i feel.
TPS1P0005,1,1,2,8,3,8,4,3,5,5,5,5,4,5,5,3,5,3,4,4,4,4,4,4,3,4,3,4,4,3,2,3,2,2,3,2,2,2,I mostly use Facebook to read about social happenings around me. I occasionally comment on things when I feel it is necessary and I use the messaging system to send files and chat with friends. Sometimes I open the site out of habit when I'm bored on the computer.
TPS1F0065,1,1,1,3,2,9,4,3,5,5,5,5,2,5,4,2,4,4,2,1,1,1,2,2,1,1,2,1,1,1,1,1,1,1,1,1,1,1,I rarely post on Facebook at all anymore. I only use it to see what my friends are doing. I don't gain much enjoyment from it. I feel like I don't use it that much 
TPS1F0050,1,1,4,5,1,3,4,2,5,5,3,2,4,3,5,5,5,4,3,2,1,1,3,3,3,2,3,2,2,2,1,1,1,1,1,1,1,1,"I use Facebook to find out what other people are doing or catching up with people I haven't seen in a long time.  I sometimes use Facebook as an email, and its the best way to send event information."
TPS1F0056,1,2,8,8,,,2,2,6,6,3,6,6,3,6,6,3,6,3,2,4,4,4,4,3,4,4,4,2,2,2,2,2,1,2,4,2,2,"I talk to my close friends. I use it as an instant messager, and to keep up with my friends, and to share cool stuff. It's like - I can keep up with ALL my friends through this website."
TPS1F0055,1,1,2,3,3,3,2,1,2,2,2,2,2,4,2,2,2,2,1,1,1,1,1,1,1,,1,1,4,1,1,1,4,4,1,1,1,1,
TPS1F0060,1,2,5,5,,,2,1,5,3,2,4,5,3,5,5,3,2,1,1,1,1,1,1,1,1,1,1,1,1,1,1,1,2,1,1,1,1,"I use facebook rarely to update statuses... I don't ever use facebook messaging system, and I rarely use it for games. Right now I am using it to communicate with my friend that is moving back home in Brazil."
TPS1F0052,1,2,3,6,,,4,3,5,4,4,3,2,5,5,2,5,5,4,2,4,4,4,4,3,4,3,3,3,2,2,3,2,2,2,3,2,2,I use Facebook more for casual conversations. Mostly to connect with friends.
TPS1F0071,2,1,,,2,2,2,2,2,2,2,2,2,2,2,7,5,2,1,1,1,1,1,1,1,1,1,1,1,1,1,1,1,1,1,2,1,1,
TPS1F0051,1,2,3,8,,,4,5,6,5,6,6,6,5,7,6,2,2,5,3,4,1,3,3,1,2,4,1,1,1,5,1,1,1,1,1,1,1,"I use it to see what my friends are doing even when thier far away, and stay updated on events."
TPS1F0059,1,1,1,6,1,7,5,5,2,6,4,2,3,4,6,6,4,4,3,3,2,2,1,4,2,2,2,2,2,2,3,3,1,1,2,2,1,1,"I communicate with my friends via facebook, but I don't use it too much anymore. It got pretty old and boring. I mostly use Facebook on my computer, but I'll check it on my phone or something occaisonly. Facebook is just alright. I wouldn't say I enjoy it, but I don't dislike it. I'm neutral on it.  I do not overuse Facebook. "
TPS1F0074,1,1,2,4,3,6,3,4,6,4,6,5,3,6,4,6,4,5,2,4,2,3,3,3,3,2,4,3,3,3,3,2,3,3,2,3,3,2,"I communicate with distant friends on facebook, usually from home.  Facebook is slowly starting to bore me as Twitter is becoming more efficient and less of a hassle, and I feel as if I may use Facebook too much, but not irrationally too much."
TPS1F0063,1,1,4,6,3,5,4,2,5,6,5,5,5,5,6,6,5,3,2,3,3,2,3,4,2,3,4,2,3,2,2,3,2,3,2,3,2,3,I barely use facebook to post statuses but instead use it mostly to talk to people. I enjoy talking to people on facebook because it is easy and I dont think I use it too much.
TPS1F0064,1,1,2,2,2,3,2,2,1,1,1,1,1,1,1,1,1,2,1,2,2,2,2,2,2,2,1,1,1,1,1,1,1,1,1,1,1,1,"I mostly communicate with family on facebook. I use facebook on my phone more than I do on the computer because of the ease of access. I haven't used facebook as much as I used to because of the other social networks that are now available, therefore I do not feel like i use it too much."
TPS2005,2,2,,,,,,,,,,,,,,,,,,,,,,,,,,,,,,,,,,,,,
TPS2004,1,1,5,6,2,3,3,1,6,5,5,3,2,7,5,2,6,5,4,2,5,1,3,1,1,4,4,3,2,1,1,1,1,2,2,1,1,2,"I check Facebook a couple times per day and I probably post on it with about the same frequency. I use Facebook more as a gallery of my friend's thoughts rather than a means of communication or interaction, but I do not think hard about the material I see on it or put on it. Facebook is a nice tool for me because I can see what my aquaintances are up to and thinking if I am not too familiar with them to start a conversation. It is also useful for contacting people for work purposes when you do not have their phone numbers."
TPS2003,1,1,1,3,1,3,1,1,1,1,1,1,1,1,1,1,6,1,3,1,1,1,1,1,1,1,1,1,1,1,1,1,1,1,1,1,1,1,"I usually never use facebook, I have an account and accept friend requests but I dont post status or comment on posts. The only time I use it is just to see whats going on with other people other then that i dont have much interest in it."
TPS2001,1,2,3,6,,,4,1,5,5,5,4,3,5,5,4,7,5,3,4,2,1,3,5,4,3,5,3,2,2,3,4,2,5,2,3,2,2,"I will post or message my friends on facebook when I want to express my thoughts/feelings, tell about something funny, feel like talking to someone (chat) or I have a question to ask.  I typically use facebook at home or at school when I have free time.  I do not always enjoy using facebook, but I don't see much alternative.  I don't feel that I use facebook too much."
TPS2008,1,2,2,3,,,2,3,2,2,2,2,2,3,2,2,6,2,3,4,3,3,3,3,4,3,4,3,2,1,2,1,1,1,1,1,1,2,"There was a time when i did use facebook a lot just because it was the thing to do. Although i never got into updating my status or anything i did like to see what other people were up too. But as far as communicating i never used it for that and now i rarely go on it, only when i am extremely bored."
TPS2002,1,2,4,4,,,2,2,3,3,4,3,3,3,5,5,3,4,1,1,1,1,1,1,1,1,1,1,1,1,1,1,1,1,1,1,1,1,i use fb onl to chat with people.
TPS2012,1,2,3,5,,,3,2,5,2,6,4,5,5,3,3,5,2,3,3,2,1,2,3,2,3,2,1,2,2,3,1,1,2,2,1,1,2,Mostly I just use it to chat with 5 or 6 of my closer friends. I wish I used it less often.
TPS2017,1,1,4,6,1,3,4,1,4,4,4,4,5,7,7,5,6,2,4,1,4,1,1,1,1,3,4,1,1,1,1,1,1,1,1,1,1,1,I communicate with team mates on Facebook and organize games and practices. Occasionally I look through photos but now most of my news feed is covered with useless junk and I don't enjoy it very much anymore. 
TPS2011,1,1,2,5,2,7,1,1,5,5,6,2,3,6,5,3,6,2,1,1,1,1,1,4,1,4,1,4,1,1,1,1,3,3,1,1,1,1,"I almost never use facebook now, as I am on Twitter much more often.  I don't communicate with hardly anyone on facebook now, during the school year I talk to close friends on it about homework and such.  I use facebook on my phone, and sometimes at home.  During the summer I have used Facebook much less. I don't really enjoy facebook now, it just gives me something to do.   "
TPS2014,1,2,3,3,,,2,3,1,3,4,4,4,3,4,1,4,1,3,4,2,4,4,5,5,4,5,5,2,1,1,1,2,3,2,2,2,2,i like facebok but not its starting to turn into myspace. i use facebook everywere i go and i enjoy using it and i never use it enough
TPS2015,1,1,2,3,2,5,2,1,2,3,2,3,3,3,5,3,3,4,1,2,1,1,4,2,1,2,5,5,1,1,1,1,2,2,1,1,2,1,"I use facebook to keep myself updated with my friends from school. I don't post much, but when I do it usually about sports. I like to see posts by people more than post myself."
TPS2018,2,2,,,,,,,,,,,,,,,,,,,,,,,,,,,,,,,,,,,,,
TPS2023,1,1,4,5,1,5,3,5,1,1,2,1,1,1,5,1,1,1,1,1,1,1,1,1,1,1,1,1,1,1,1,1,1,1,1,1,1,1,"I normally only use Facebook to communicate with my extended family since they all live in India and it is hard to talk on the phone for long amounts of time. I only use Facebook at home, and I do enjoy using Facebook because it is a way to stay in touch with my extended family. I don't think I overuse it because I am only on it for maybe thirty minutes in a day."
TPS2013,1,2,4,,,,4,4,3,2,2,2,2,2,4,3,2,2,4,4,3,4,4,5,5,5,5,4,1,3,3,1,1,1,3,1,1,1,"I use facebook as a mean of connecting with my friends whom I do not have access to via email or cellphone. I enjoy using facebook because, similar to texting, it allows me to see what's going on with my many friends when I am unable to contact them in any other way. I would say that I don't use facebook too much, only once a day or so just to see what I missed that day."
TPS2020,1,1,4,9,1,2,5,5,1,1,1,1,2,6,,2,1,4,1,1,1,1,1,1,1,1,1,1,1,1,1,1,1,1,1,1,1,1,i go on to see pictures and freinds and stuff people have to say and i do not use it to much and i go on it mainly when im bored
TPS2016,1,2,1,3,,,3,1,1,4,2,2,1,4,2,4,6,2,1,1,3,1,,2,1,2,1,1,1,1,1,1,1,1,1,1,1,1,"Friends sometimes. Home. Not really. Maybe, more twitter now."
TPS2019,1,1,2,6,1,3,2,3,5,2,6,2,3,6,5,3,3,2,1,1,1,1,3,2,1,1,1,2,1,1,1,1,1,1,1,1,1,1,"I rarely use Facebook. I check it a fair bit but I rairly post anything, most of what I do is just keeping up with stuff happening that I'm involved in (sports, band, etc.). I don't like Facebook, if I didn't need it for information about school, sports, or events I would stop using it."
TPS2024,1,1,2,3,2,4,2,2,2,2,2,2,2,2,2,2,2,2,1,,1,1,1,1,1,3,3,1,1,1,1,1,1,1,1,1,1,1,"I rarely use facebook. I do not enjoy it very much, and generally only use it to see if my friends are doing anything."
TPS2028,1,2,1,2,,,1,2,1,1,1,1,1,1,1,1,1,1,1,1,1,2,2,1,1,2,2,2,1,1,1,1,1,1,1,1,1,1,I only rarley use facebook. When I do I use it to see family photos or postings.
TPS2021,1,1,2,3,2,1,2,1,4,4,4,5,4,4,2,2,5,3,3,1,3,1,3,3,1,3,3,1,1,1,1,1,1,1,1,1,1,1,I barely do anything on Facebook. If somebody starts a conversation or posts on my wall I will respond but I will rarely ever start anything myself. I use it a lot less than other people.
TPS2030,1,1,2,2,3,3,2,1,1,1,1,1,1,1,1,1,1,1,1,1,1,1,1,1,1,1,1,1,1,1,1,1,1,1,1,1,1,1,"I rarely ever use facebook at all. Id rather be doing something productive, or at least something social. More people use twitter than facebook now, and it's sort of an outdated social network. I think I may have posted on facebook once in the past year."
TPS2029,1,1,2,5,1,4,5,3,5,5,5,2,2,6,6,2,5,5,1,3,1,1,1,4,1,3,1,3,2,1,,1,1,1,1,1,1,1,"I dont use facebook that much. I check it once a day usually just to see whats happening or what people are posting, but I do not post very often or comment on things. I feel like I don't use facebook that much and am not addicted to it. "
TPS2032,1,1,,2,3,6,4,4,5,5,5,5,5,5,6,5,5,4,3,3,3,4,4,4,4,3,4,2,4,1,1,2,2,1,1,3,1,2,I communicate on Facebook with all my friends. I use Facebook when I am home. I don't use it too much since Twitter has become more mainstream.
TPS2034,2,2,,,,,,,,,,,,,,,,,,,,,,,,,,,,,,,,,,,,,
TPS2041,1,1,4,6,4,6,3,3,4,2,3,3,4,5,6,3,4,3,1,1,1,1,1,1,1,1,1,1,1,1,1,1,1,1,1,1,1,1,I communicate with people all around the US and even in other countries using Facebook. I use it to see what people are doing and also to communicate with my friends.
TPS2033,1,1,2,5,1,3,2,2,2,2,2,4,2,3,2,2,3,2,2,1,1,2,1,1,1,2,1,2,2,1,1,1,1,1,1,1,1,1,I don't use facebook too often. Though I check it there is nothing that interests me about it too much.
TPS2042,1,1,1,2,6,7,5,1,3,4,1,3,1,1,1,1,2,2,2,1,3,4,2,1,1,1,1,2,4,1,1,1,1,1,1,1,1,1,"I communicate with multiple friends at a time on Facebook, as everything is less private and basically anyone can see it. I primarily use it on my iPod, with the Facebook App. I don't enjoy it a huge amount, and frankly I don't use it very much. I use Twitter almost exclusively in comparison to Facebook."
TPS2045,1,1,3,3,5,8,2,4,6,5,6,5,7,7,7,3,6,6,5,3,1,2,4,4,1,3,1,2,3,1,1,1,1,1,2,1,1,1,I use facebook for one purpose and that is to look at funny pictures facebook pages post. I do not care about what any of my facebook friends post and I hardly ever post myself.
TPS2038,1,2,4,5,,,3,4,3,4,3,4,4,3,3,4,3,3,3,3,2,4,5,5,3,4,2,3,4,3,2,3,2,4,3,2,3,3,I use facebook to check up on my friends who live out of state. I mainly use it to see how well someone is doing. And for talking to my friends in Spain and France.
TPS2036,2,2,,,,,,,,,,,,,,,,,,,,,,,,,,,,,,,,,,,,,
TPS2040,2,2,,,,,,,,,,,,,,,,,,,,,,,,,,,,,,,,,,,,,
TPS2039,1,1,4,4,4,4,3,1,1,1,1,2,4,1,5,1,5,4,4,3,4,4,3,5,1,4,4,1,1,3,1,2,1,1,2,1,1,1,I use facebook to chat with friends outside of the country. I also use Facebook to share with my friends things that i am doing or to post pictures of videos of cool stuff im seeing/doing.
TPS2046,2,2,,,,,,,,,,,,,,,,,,,,,,,,,,,,,,,,,,,,,
TPS2035,1,1,2,2,2,5,2,1,5,2,3,2,2,3,3,1,6,1,4,3,4,3,4,3,3,3,4,3,4,2,2,3,2,4,3,3,3,3,friends or people on there that i may not know but possibly would like to know. i dont use it very often its boring and kind of pointless but i use it if im really bored and need something to pass the time. 
TPS2048,1,1,4,4,5,8,2,4,7,7,7,7,6,7,7,7,7,7,2,1,1,3,2,2,2,3,4,4,3,2,1,1,1,1,1,2,1,1,i never really post anything on facebook except for lyrics to a song or a quote. i usually only use facebook to see what everyone else is doing.
TPS2052,1,2,2,7,,,3,1,4,1,1,1,6,5,2,5,7,1,3,3,3,1,3,3,1,1,1,1,1,1,1,1,1,1,1,1,1,1,"I usually use Facebook to message my friends and be ""in the loop"" as to what is going on at my high school.  I usually use Facebook via my iPod Touch whenever I am not busy.  I do feel as if I use it too much."
TPS2049,1,1,1,3,2,8,3,3,5,6,6,6,5,5,6,5,6,5,1,1,1,1,1,1,1,1,1,1,1,1,1,1,1,1,1,1,1,1,I mostly use facebook to see what is happening to people or to look at pictures. I dont use it to communicate usually just to find out about events that are happening with my friends.
TPS2050,1,1,3,3,2,2,4,5,1,1,1,1,1,1,1,1,1,2,3,2,1,3,2,4,2,3,3,3,1,1,1,1,1,1,1,1,1,1,To catch up with some friends who I dont get to talk to much.
TPS2054,2,2,,,,,,,,,,,,,,,,,,,,,,,,,,,,,,,,,,,,,
TPS2053,2,1,,,2,6,2,2,4,5,5,5,6,5,6,5,6,3,3,1,4,2,4,3,4,3,4,2,2,1,1,3,1,1,1,1,1,1,"i communicate with close friends on facebook. i use facebook when i am at home and when i am out in public but not doing anything at the moment. i sort of enjoy using facebook mostly because it requires no effort by me except to scroll. i do not feel like i use it too much. i am not an avid user anymore, but before i had my twitter i felt as if i used it too much."
TPS2058,1,1,1,1,2,5,2,2,2,2,2,1,2,4,4,2,2,1,2,4,4,2,1,4,1,5,1,1,5,3,2,1,3,1,3,3,2,2,"I use facebook to see what other people are doing.  I dont like to post a lot, but sometimes I do.  I usually just use it to look at what is happening in others' lives."
TPS2055,1,2,2,2,,,3,3,1,1,6,1,1,1,1,1,7,1,3,1,1,1,1,1,1,1,1,1,1,1,1,1,1,1,1,1,1,1,"Friends, computer at home. Rarely use facebook."
TPS2060,1,1,2,2,1,2,1,3,1,1,1,1,1,1,1,1,7,1,1,1,1,1,1,1,1,1,1,1,1,1,1,1,1,1,1,1,1,1,I hardly ever check my facebook. I only have one so school organizations can reach me if they don't have my cell number.
TPS2061,1,2,2,3,,,3,2,2,2,2,2,2,2,2,2,6,2,3,3,3,3,2,3,1,3,1,3,2,2,3,4,3,2,3,3,3,1,"I use facebook to stay in touvh with friends that live far away. I used to spend too much time on it, but I'm oiut of that stage. I rarely check my facebook anymore and it is just a way to keep in touch with good people."
TPS2062,1,1,4,5,3,5,3,2,2,5,2,2,2,5,2,2,4,3,4,3,3,4,4,3,4,3,4,4,2,3,2,2,2,2,2,2,2,2,i dont really communitcate on facebook alot but i do post sometimes not often maybe 2-3 time a week or month. i enjoy facebook. i dont use facebook too much in my opinion. i useally check facebook on my phone or on my laptop.
TPS2063,1,1,3,5,3,5,1,1,5,5,3,2,2,5,5,1,2,1,1,1,1,1,1,1,1,1,1,1,1,1,1,1,1,1,1,1,1,1,"I don't really communicate with people on Facebook, I only really use it if something good happens to me (Like getting a drivers liscence or winning in a sports competition).  I like using it, but I rarely use it for personal things."
TPS2051,2,2,,,,,,,,,,,,,,,,,,,,,,,,,,,,,,,,,,,,,
TPS2064,1,2,2,5,,,4,2,5,4,3,4,2,3,5,2,4,4,3,3,2,1,2,3,2,3,1,2,1,1,1,1,1,1,1,1,1,1,"I usually only use facebook to look at what other people post, dont communicate a lot.  I like Facebook because what my friends post.  I think I might look at it too much."
TPS2065,2,1,,,1,5,3,1,2,3,5,3,5,5,4,3,5,1,1,1,1,1,1,3,1,3,1,1,1,1,1,1,1,1,1,1,1,1,"I communicate with my friends on facebook.  I use facebook at my house when I'm bored.  I somewhat enjoy using facebook, but I don't use it too often so I certainly don't think I use it too much."
TPS2066,1,2,4,6,,,2,1,1,1,1,1,1,1,1,2,3,1,4,2,1,2,1,3,1,2,2,1,1,1,2,1,1,1,1,1,1,1,I don't even use facebook that much but I'm old fashioned in the way where I don't care for it at all. I really on ly use it for chat because its convenient but if that wasn't so universally used I doubt I would even have a facebook. 
TPS2075,2,2,,,,,,,,,,,,,,,,,,,,,,,,,,,,,,,,,,,,,
TPS2059,2,2,,,,,,,,,,,,,,,,,,,,,,,,,,,,,,,,,,,,,
TPS2070,1,1,2,4,2,5,2,1,5,1,1,1,4,1,3,1,4,4,4,1,1,2,1,2,1,3,2,2,1,1,1,1,1,3,1,1,1,1,"I don't usually post on facebook, but I do check it a lot. I like to see what people are up too. I don't have many friends on facebook either. I only keep people I know personally."
TPS2067,1,1,2,2,2,2,2,2,1,2,2,1,4,2,1,3,6,1,2,2,3,2,3,3,2,3,3,3,3,1,1,3,1,1,1,3,1,1,"I talk to friends and usually only use it at home. I like some things about facebook, but I do not think I use it too much."
TPS2072,1,2,3,6,,,4,1,5,3,5,3,3,2,4,3,3,4,5,2,4,2,4,3,3,4,3,4,1,2,2,1,2,2,1,2,2,2,"I mostly use facebook to chat with friends. I use it 95% of the time at home, and I do enjoy it. I feel like I use it a good amount."
TPS2073,2,2,,,,,,,,,,,,,,,,,,,,,,,,,,,,,,,,,,,,,
TPS2080,1,1,5,5,5,5,4,3,7,2,2,1,4,7,6,4,6,4,2,4,4,4,2,5,1,5,2,2,2,2,1,1,2,1,1,1,2,1,"if i don't have someone's number i will contact them on facebook. i use facebook when i'm at home. Facebook is ok to use, but it gets boring. i don't feel i use it much."
TPS2069,1,2,4,5,,,3,2,2,5,5,4,2,3,3,3,4,2,3,1,3,3,4,4,2,5,2,5,1,1,1,1,1,1,2,1,1,1,"I use Facebook mostly as a scrapbook for achievements, making plans/forming groups with friends, and to keep in touch with people that I may have forgotten. I check facebook about once a day and I like to scroll through others' accomplishments. I don't think I use it obsessively though."
TPS2077,1,1,5,5,8,8,3,3,4,4,3,4,4,5,4,4,3,,1,1,1,1,2,1,1,2,2,1,1,1,1,1,1,1,1,1,1,1,i only go on facebook when im bored or have nothing better to do 
TPS2078,1,1,1,4,1,3,4,3,2,2,2,2,2,2,2,2,2,2,1,1,1,1,1,1,1,1,1,1,1,1,1,1,1,1,1,1,1,1,"I do have a facebook but dont really use it often. I might check it weekly, sometimes not though. I never post anything."
TPS2074,1,2,5,5,,,3,3,5,4,4,3,4,4,4,4,4,4,3,1,3,3,1,3,3,3,3,3,1,1,3,1,1,1,1,1,1,3,*FRIENDS PRENTS / *ANYTIME / *SOMETIMES / *NO
TPS2079,1,2,3,6,,,3,3,5,4,4,5,3,3,5,3,4,2,4,3,1,1,3,3,3,1,3,2,1,1,1,1,1,1,1,1,1,1,I am not on facebook as much and simply check it out boredom. I do not post very much and do not communicate that much when using facebook. I do not fell I use it too much.
TPS2076,1,2,1,4,,,4,2,2,2,2,2,2,2,2,2,3,2,1,1,1,1,2,2,1,2,1,1,1,1,1,1,1,1,1,1,1,1,I use facebook to talk to friends and not really anything else. I access it from my home computer. I don't feel like I use it too much and sometimes it can be enjoyable. 
TPS2056,1,2,2,5,,,4,3,6,3,3,2,3,2,5,2,5,5,3,2,2,3,3,2,3,3,3,2,2,2,2,2,2,2,2,2,2,2,I do not post on facebook very often. I tend to just look at my news feed and see if there were any important posts from my friends or any funny pictures that I would enjoy.